id,process_id,company,pankou,chupan_bigball_rating,chupan_pankou,chupan_smallball_rating,instant_bigball_rating,instant_pankou,instant_smallball_rating
1,49,ManbetX,盘口1,0.92,2/2.5,0.98,0.91,2/2.5,0.99
2,49,ManbetX,盘口2,1.17,2.5,0.75,1.19,2.5,0.74
3,49,ManbetX,盘口3,0.64,2,1.35,0.63,2,1.36
4,49,Crown,盘口1,0.85,2/2.5,1.01,0.91,2/2.5,0.95
5,49,Crown,盘口2,1.12,2.5,0.75,0.62,2,1.31
6,49,Crown,盘口3,1.17,2.5,0.71,1.14,2.5,0.73
7,49,Bet365,盘口1,0.93,2/2.5,0.97,0.92,2/2.5,0.98
8,49,韦德,盘口1,0.85,2/2.5,1.05,0.92,2/2.5,0.95
9,49,韦德,盘口2,1.12,2.5,0.80,1.20,2.5,0.73
10,49,韦德,盘口3,0.60,2,1.50,0.65,2,1.35
11,49,明陞,盘口1,0.90,2/2.5,1.00,0.91,2/2.5,0.99
12,49,明陞,盘口2,1.27,2.5,0.69,1.20,2.5,0.73
13,49,10BET,盘口1,0.87,2/2.5,0.98,0.90,2/2.5,0.95
14,49,10BET,盘口2,1.09,2.5,0.74,1.16,2.5,0.69
15,49,10BET,盘口3,0.57,2,1.42,0.57,2,1.42
16,49,10BET,盘口4,1.44,2.5/3,0.55,1.44,2.5/3,0.56
17,49,金宝博,盘口1,0.90,2/2.5,1.00,0.91,2/2.5,0.99
18,49,金宝博,盘口2,1.14,2.5,0.77,1.19,2.5,0.74
19,49,金宝博,盘口3,0.64,2,1.35,0.63,2,1.36
20,49,12bet,盘口1,0.90,2/2.5,1.00,0.91,2/2.5,0.99
21,49,12bet,盘口2,1.27,2.5,0.69,1.20,2.5,0.73
22,49,利记,盘口1,0.94,2/2.5,0.96,0.94,2/2.5,0.96
23,49,利记,盘口2,1.23,2.5,0.71,1.23,2.5,0.71
24,49,盈禾,盘口1,0.91,2/2.5,0.96,0.92,2/2.5,0.95
25,49,盈禾,盘口2,1.14,2.5,0.74,1.16,2.5,0.73
26,49,盈禾,盘口3,0.64,2,1.30,0.63,2,1.32
27,49,盈禾,盘口4,0.63,2,1.32,0.63,2,1.32
28,49,18Bet,盘口1,0.92,2/2.5,0.98,0.91,2/2.5,0.97
29,49,18Bet,盘口2,1.19,2.5,0.72,1.21,2.5,0.73
30,49,18Bet,盘口3,0.64,2,1.31,0.63,2,1.36
31,49,立博,盘口1,0.50,2.5,1.50,1.20,2.5,0.67
32,49,立博,盘口2,0.15,1.5,4.25,0.40,1.5,2.00
33,49,立博,盘口3,1.25,3.5,0.62,3.00,3.5,0.25
34,49,立博,盘口4,0.03,0.5,18.00,0.08,0.5,7.50
35,50,ManbetX,盘口1,0.91,2/2.5,0.99,0.95,2/2.5,0.95
36,50,ManbetX,盘口2,1.17,2.5,0.75,1.21,2.5,0.72
37,50,ManbetX,盘口3,0.62,2,1.38,0.65,2,1.33
38,50,Crown,盘口1,0.82,2/2.5,1.04,0.94,2/2.5,0.92
39,50,Crown,盘口2,1.06,2.5,0.80,0.65,2,1.26
40,50,Crown,盘口3,0.61,2,1.33,1.19,2.5,0.70
41,50,Bet365,盘口1,1.07,2.5,0.83,0.95,2/2.5,0.95
42,50,韦德,盘口1,0.85,2/2.5,1.02,0.95,2/2.5,0.95
43,50,韦德,盘口2,1.10,2.5,0.80,1.20,2.5,0.73
44,50,韦德,盘口3,0.60,2,1.45,0.67,2,1.30
45,50,明陞,盘口1,0.90,2.5,1.00,0.95,2/2.5,0.95
46,50,明陞,盘口2,0.68,2,1.28,1.25,2.5,0.70
47,50,10BET,盘口1,0.87,2.5,0.98,0.91,2/2.5,0.93
48,50,10BET,盘口2,1.08,2.5/3,0.75,1.16,2.5,0.69
49,50,10BET,盘口3,0.63,2/2.5,1.28,0.59,2,1.37
50,50,10BET,盘口4,1.49,2.5/3,0.54,1.49,2.5/3,0.54
51,50,金宝博,盘口1,0.95,2.5,0.95,0.95,2/2.5,0.95
52,50,金宝博,盘口2,1.08,2.5,0.82,1.21,2.5,0.72
53,50,金宝博,盘口3,0.62,2,1.38,0.65,2,1.33
54,50,12bet,盘口1,0.90,2.5,1.00,0.95,2/2.5,0.95
55,50,12bet,盘口2,0.68,2,1.28,1.25,2.5,0.70
56,50,利记,盘口1,0.95,2.5,0.95,0.95,2/2.5,0.95
57,50,利记,盘口2,0.95,2/2.5,0.95,1.17,2.5,0.75
58,50,盈禾,盘口1,0.94,2.5,0.93,0.95,2/2.5,0.92
59,50,盈禾,盘口2,1.07,2.5,0.80,1.20,2.5,0.70
60,50,盈禾,盘口3,0.62,2,1.34,0.66,2,1.27
61,50,盈禾,盘口4,0.66,2,1.27,0.66,2,1.27
62,50,18Bet,盘口1,1.09,2.5,0.82,0.94,2/2.5,0.94
63,50,18Bet,盘口2,1.19,2.5,0.74,1.21,2.5,0.72
64,50,18Bet,盘口3,0.62,2,1.35,0.65,2,1.33
65,50,立博,盘口1,0.80,2.5,0.95,1.15,2.5,0.67
66,50,立博,盘口2,0.25,1.5,2.80,0.36,1.5,2.00
67,50,立博,盘口3,2.00,3.5,0.36,2.90,3.5,0.25
68,50,立博,盘口4,0.05,0.5,11.00,0.08,0.5,8.00
69,51,ManbetX,盘口1,1.01,2/2.5,0.89,1.01,2/2.5,0.89
70,51,ManbetX,盘口2,0.69,2,1.26,0.69,2,1.26
71,51,Crown,盘口1,0.98,2/2.5,0.88,0.98,2/2.5,0.88
72,51,Crown,盘口2,0.68,2,1.21,0.68,2,1.21
73,51,Bet365,盘口1,1.00,2/2.5,0.90,1.00,2/2.5,0.90
74,51,韦德,盘口1,1.02,2/2.5,0.89,1.02,2/2.5,0.88
75,51,韦德,盘口2,0.70,2,1.25,0.73,2,1.20
76,51,韦德,盘口3,1.30,2.5,0.67,1.30,2.5,0.67
77,51,明陞,盘口1,1.00,2/2.5,0.90,1.00,2/2.5,0.90
78,51,10BET,盘口1,0.98,2/2.5,0.87,0.98,2/2.5,0.87
79,51,10BET,盘口2,0.67,2,1.21,0.67,2,1.21
80,51,10BET,盘口3,1.26,2.5,0.64,1.26,2.5,0.64
81,51,10BET,盘口4,0.50,1.5/2,1.60,0.50,1.5/2,1.60
82,51,金宝博,盘口1,1.01,2/2.5,0.89,1.01,2/2.5,0.89
83,51,金宝博,盘口2,0.69,2,1.26,0.69,2,1.26
84,51,金宝博,盘口3,0.94,2.5,0.96,0.94,2.5,0.96
85,51,12bet,盘口1,1.00,2/2.5,0.90,1.00,2/2.5,0.90
86,51,利记,盘口1,1.00,2/2.5,0.90,1.00,2/2.5,0.90
87,51,盈禾,盘口1,0.99,2/2.5,0.88,0.99,2/2.5,0.88
88,51,盈禾,盘口2,0.69,2,1.22,0.69,2,1.22
89,51,盈禾,盘口3,0.69,2,1.22,0.69,2,1.22
90,51,18Bet,盘口1,1.00,2/2.5,0.90,0.99,2/2.5,0.89
91,51,18Bet,盘口2,0.69,2,1.23,0.69,2,1.26
92,51,立博,盘口1,1.25,2.5,0.62,1.25,2.5,0.62
93,51,立博,盘口2,0.40,1.5,1.88,0.40,1.5,1.88
94,51,立博,盘口3,3.20,3.5,0.22,3.20,3.5,0.22
95,51,立博,盘口4,0.09,0.5,7.00,0.09,0.5,7.00
96,52,ManbetX,盘口1,0.87,2.5,1.03,0.83,2.5,1.07
97,52,ManbetX,盘口2,1.12,2.5/3,0.79,1.08,2.5/3,0.82
98,52,Crown,盘口1,1.03,2.5/3,0.83,0.84,2.5,1.02
99,52,Crown,盘口2,1.09,2.5/3,0.77,1.05,2.5/3,0.81
100,52,Bet365,盘口1,1.10,2.5/3,0.80,0.84,2.5,1.06
101,52,韦德,盘口1,0.87,2.5,1.02,0.85,2.5,1.05
102,52,韦德,盘口2,1.10,2.5/3,0.80,1.08,2.5/3,0.80
103,52,韦德,盘口3,0.65,2/2.5,1.35,0.62,2/2.5,1.38
104,52,明陞,盘口1,1.05,2.5/3,0.85,0.85,2.5,1.05
105,52,10BET,盘口1,1.03,2.5/3,0.84,0.85,2.5,1.01
106,52,10BET,盘口2,1.02,2.5/3,0.81,1.11,2.5/3,0.72
107,52,10BET,盘口3,0.60,2/2.5,1.34,0.60,2/2.5,1.34
108,52,10BET,盘口4,1.42,3,0.56,1.42,3,0.56
109,52,金宝博,盘口1,1.06,2.5/3,0.84,0.83,2.5,1.07
110,52,金宝博,盘口2,1.13,2.5/3,0.78,1.08,2.5/3,0.82
111,52,12bet,盘口1,1.05,2.5/3,0.85,0.85,2.5,1.05
112,52,利记,盘口1,1.05,2.5/3,0.85,1.07,2.5/3,0.83
113,52,盈禾,盘口1,1.04,2.5/3,0.83,0.85,2.5,1.02
114,52,盈禾,盘口2,1.11,2.5/3,0.77,1.06,2.5/3,0.81
115,52,盈禾,盘口3,1.09,2.5/3,0.78,1.06,2.5/3,0.81
116,52,18Bet,盘口1,1.05,2.5/3,0.85,0.84,2.5,1.06
117,52,18Bet,盘口2,1.10,2.5/3,0.80,1.07,2.5/3,0.82
118,52,立博,盘口1,0.83,2.5,0.95,0.85,2.5,0.91
119,52,立博,盘口2,0.25,1.5,2.75,0.29,1.5,2.60
120,52,立博,盘口3,2.10,3.5,0.36,3.20,3.5,0.22
121,52,立博,盘口4,0.05,0.5,11.00,0.09,0.5,7.00
122,53,韦德,盘口1,1.02,2/2.5,0.88,1.02,2/2.5,0.87
123,53,韦德,盘口2,0.73,2,1.22,0.73,2,1.20
124,53,韦德,盘口3,1.30,2.5,0.67,1.30,2.5,0.67
125,54,韦德,盘口1,1.02,2/2.5,0.88,1.02,2/2.5,0.87
126,54,韦德,盘口2,0.73,2,1.22,0.73,2,1.20
127,54,韦德,盘口3,1.30,2.5,0.67,1.30,2.5,0.67
128,55,ManbetX,盘口1,1.03,2,0.87,1.03,2,0.87
129,55,ManbetX,盘口2,0.73,1.5/2,1.20,0.73,1.5/2,1.20
130,55,ManbetX,盘口3,1.36,2/2.5,0.63,1.36,2/2.5,0.63
131,55,Crown,盘口1,0.98,2,0.88,1.00,2,0.86
132,55,Crown,盘口2,1.26,2/2.5,0.65,1.31,2/2.5,0.62
133,55,Crown,盘口3,0.72,1.5/2,1.16,0.72,1.5/2,1.16
134,55,Bet365,盘口1,1.30,2/2.5,0.68,1.03,2,0.87
135,55,韦德,盘口1,1.00,2,0.88,1.00,2,0.90
136,55,韦德,盘口2,0.73,1.5/2,1.20,0.73,1.5/2,1.20
137,55,韦德,盘口3,1.30,2/2.5,0.65,1.30,2/2.5,0.65
138,55,明陞,盘口1,0.95,2/2.5,0.95,1.03,2,0.87
139,55,明陞,盘口2,0.72,1.5/2,1.22,0.72,1.5/2,1.22
140,55,10BET,盘口1,0.92,2/2.5,0.92,1.01,2,0.85
141,55,10BET,盘口2,0.67,2,1.21,0.70,1.5/2,1.15
142,55,10BET,盘口3,1.26,2.5,0.64,1.38,2/2.5,0.58
143,55,10BET,盘口4,0.54,1.5,1.47,0.54,1.5,1.47
144,55,金宝博,盘口1,1.05,2/2.5,0.85,1.03,2,0.87
145,55,金宝博,盘口2,1.33,2/2.5,0.65,0.73,1.5/2,1.20
146,55,金宝博,盘口3,1.38,2/2.5,0.62,1.36,2/2.5,0.63
147,55,12bet,盘口1,0.95,2/2.5,0.95,1.03,2,0.87
148,55,12bet,盘口2,0.72,1.5/2,1.22,0.72,1.5/2,1.22
149,55,利记,盘口1,1.00,2/2.5,0.90,1.02,2,0.88
150,55,利记,盘口2,0.74,1.5/2,1.19,0.74,1.5/2,1.19
151,55,盈禾,盘口1,1.09,2/2.5,0.78,1.01,2,0.86
152,55,盈禾,盘口2,1.27,2/2.5,0.65,0.73,1.5/2,1.16
153,55,盈禾,盘口3,1.35,2/2.5,0.61,1.33,2/2.5,0.62
154,55,盈禾,盘口4,1.33,2/2.5,0.62,1.33,2/2.5,0.62
155,55,18Bet,盘口1,1.30,2/2.5,0.67,1.02,2,0.86
156,55,18Bet,盘口2,0.73,1.5/2,1.17,0.73,1.5/2,1.20
157,55,18Bet,盘口3,1.35,2/2.5,0.62,1.36,2/2.5,0.63
158,55,立博,盘口1,1.50,2.5,0.50,1.62,2.5,0.50
159,55,立博,盘口2,0.50,1.5,1.55,0.53,1.5,1.45
160,55,立博,盘口3,4.00,3.5,0.18,4.25,3.5,0.15
161,55,立博,盘口4,0.11,0.5,6.00,0.11,0.5,5.50
162,56,ManbetX,盘口1,1.00,2/2.5,0.90,0.98,2/2.5,0.92
163,56,ManbetX,盘口2,1.26,2.5,0.69,1.25,2.5,0.70
164,56,ManbetX,盘口3,0.69,2,1.26,0.68,2,1.28
165,56,Crown,盘口1,0.87,2/2.5,0.99,0.96,2/2.5,0.90
166,56,Crown,盘口2,1.12,2.5,0.75,1.20,2.5,0.69
167,56,Crown,盘口3,0.67,2,1.23,0.67,2,1.23
168,56,Bet365,盘口1,1.11,2.5,0.79,0.96,2/2.5,0.94
169,56,韦德,盘口1,0.90,2/2.5,1.00,0.95,2/2.5,0.92
170,56,韦德,盘口2,1.15,2.5,0.77,1.22,2.5,0.70
171,56,韦德,盘口3,0.62,2,1.40,0.67,2,1.30
172,56,明陞,盘口1,0.90,2.5,1.00,0.92,2/2.5,0.98
173,56,明陞,盘口2,1.25,2.5,0.70,1.25,2.5,0.70
174,56,10BET,盘口1,0.87,2.5,0.98,0.92,2/2.5,0.92
175,56,10BET,盘口2,0.72,2/2.5,1.12,1.19,2.5,0.68
176,56,10BET,盘口3,1.24,2.5/3,0.66,0.61,2,1.33
177,56,10BET,盘口4,1.53,2.5/3,0.52,1.53,2.5/3,0.52
178,56,金宝博,盘口1,1.05,2.5,0.85,0.98,2/2.5,0.92
179,56,金宝博,盘口2,1.17,2.5,0.75,1.25,2.5,0.70
180,56,金宝博,盘口3,0.68,2,1.28,0.68,2,1.28
181,56,12bet,盘口1,0.90,2.5,1.00,0.92,2/2.5,0.98
182,56,12bet,盘口2,1.25,2.5,0.70,1.25,2.5,0.70
183,56,利记,盘口1,0.96,2.5,0.94,0.98,2/2.5,0.92
184,56,利记,盘口2,0.98,2/2.5,0.92,1.21,2.5,0.72
185,56,盈禾,盘口1,1.02,2.5,0.85,0.97,2/2.5,0.90
186,56,盈禾,盘口2,1.13,2.5,0.75,1.21,2.5,0.69
187,56,盈禾,盘口3,0.68,2,1.24,0.68,2,1.24
188,56,盈禾,盘口4,0.68,2,1.24,0.68,2,1.24
189,56,18Bet,盘口1,1.16,2.5,0.76,0.95,2/2.5,0.93
190,56,18Bet,盘口2,1.20,2.5,0.72,1.24,2.5,0.71
191,56,18Bet,盘口3,0.68,2,1.25,0.68,2,1.28
192,56,立博,盘口1,1.00,2.5,0.80,1.25,2.5,0.62
193,56,立博,盘口2,0.33,1.5,2.30,0.40,1.5,1.88
194,56,立博,盘口3,2.40,3.5,0.30,3.20,3.5,0.22
195,56,立博,盘口4,0.06,0.5,9.00,0.08,0.5,7.00
196,57,ManbetX,盘口1,0.99,2/2.5,0.91,0.99,2/2.5,0.91
197,57,ManbetX,盘口2,0.69,2,1.26,0.69,2,1.26
198,57,Crown,盘口1,0.93,2/2.5,0.93,0.98,2/2.5,0.88
199,57,Crown,盘口2,0.67,2,1.23,0.68,2,1.21
200,57,Bet365,盘口1,1.00,2/2.5,0.90,1.00,2/2.5,0.90
201,57,韦德,盘口1,0.92,2/2.5,0.95,1.02,2/2.5,0.89
202,57,韦德,盘口2,1.20,2.5,0.73,0.70,2,1.22
203,57,韦德,盘口3,0.65,2,1.35,1.28,2.5,0.67
204,57,明陞,盘口1,0.95,2/2.5,0.95,0.99,2/2.5,0.91
205,57,10BET,盘口1,0.92,2/2.5,0.92,0.97,2/2.5,0.88
206,57,10BET,盘口2,1.17,2.5,0.68,1.24,2.5,0.66
207,57,10BET,盘口3,0.65,2,1.25,0.65,2,1.25
208,57,10BET,盘口4,0.49,1.5/2,1.62,0.49,1.5/2,1.62
209,57,金宝博,盘口1,0.94,2/2.5,0.96,0.99,2/2.5,0.91
210,57,金宝博,盘口2,0.68,2,1.28,0.69,2,1.26
211,57,12bet,盘口1,0.95,2/2.5,0.95,0.99,2/2.5,0.91
212,57,利记,盘口1,0.95,2/2.5,0.95,1.01,2/2.5,0.89
213,57,盈禾,盘口1,0.94,2/2.5,0.93,0.99,2/2.5,0.88
214,57,盈禾,盘口2,0.68,2,1.24,0.69,2,1.22
215,57,盈禾,盘口3,0.69,2,1.22,0.69,2,1.22
216,57,18Bet,盘口1,0.95,2/2.5,0.95,0.99,2/2.5,0.89
217,57,18Bet,盘口2,0.68,2,1.25,0.69,2,1.26
218,57,立博,盘口1,1.25,2.5,0.62,1.25,2.5,0.62
219,57,立博,盘口2,0.40,1.5,1.90,0.40,1.5,1.80
220,57,立博,盘口3,3.20,3.5,0.22,3.25,3.5,0.22
221,57,立博,盘口4,0.08,0.5,7.50,0.08,0.5,7.00
222,58,ManbetX,盘口1,0.85,2.5,1.05,0.85,2.5,1.05
223,58,ManbetX,盘口2,1.11,2.5/3,0.80,1.11,2.5/3,0.80
224,58,Crown,盘口1,1.06,2.5/3,0.80,0.85,2.5,1.01
225,58,Crown,盘口2,1.09,2.5/3,0.77,1.07,2.5/3,0.79
226,58,Bet365,盘口1,1.09,2.5/3,0.81,0.85,2.5,1.05
227,58,韦德,盘口1,0.87,2.5,1.02,1.02,2.5/3,0.87
228,58,韦德,盘口2,1.10,2.5/3,0.80,0.80,2.5,1.08
229,58,韦德,盘口3,0.65,2/2.5,1.38,1.40,3,0.62
230,58,明陞,盘口1,1.05,2.5/3,0.85,0.85,2.5,1.05
231,58,10BET,盘口1,1.03,2.5/3,0.84,0.84,2.5,1.03
232,58,10BET,盘口2,1.02,2.5/3,0.81,1.03,2.5/3,0.80
233,58,10BET,盘口3,0.60,2/2.5,1.34,0.60,2/2.5,1.34
234,58,10BET,盘口4,1.42,3,0.56,1.42,3,0.56
235,58,金宝博,盘口1,1.02,2.5/3,0.88,0.85,2.5,1.05
236,58,金宝博,盘口2,1.13,2.5/3,0.78,1.11,2.5/3,0.80
237,58,12bet,盘口1,1.05,2.5/3,0.85,0.85,2.5,1.05
238,58,利记,盘口1,1.05,2.5/3,0.85,1.08,2.5/3,0.82
239,58,盈禾,盘口1,1.02,2.5/3,0.85,0.86,2.5,1.01
240,58,盈禾,盘口2,1.11,2.5/3,0.77,1.08,2.5/3,0.79
241,58,盈禾,盘口3,1.11,2.5/3,0.77,1.08,2.5/3,0.79
242,58,18Bet,盘口1,1.05,2.5/3,0.85,0.85,2.5,1.04
243,58,18Bet,盘口2,1.11,2.5/3,0.80,1.10,2.5/3,0.81
244,58,立博,盘口1,0.87,2.5,0.91,0.80,2.5,1.00
245,58,立博,盘口2,0.29,1.5,2.60,0.25,1.5,2.80
246,58,立博,盘口3,2.25,3.5,0.33,2.00,3.5,0.36
247,58,立博,盘口4,0.06,0.5,10.00,0.05,0.5,12.00
248,59,韦德,盘口1,0.85,2/2.5,1.06,0.85,2/2.5,1.06
249,59,韦德,盘口2,1.10,2.5,0.80,1.10,2.5,0.80
250,59,韦德,盘口3,0.58,2,1.50,0.58,2,1.45
251,60,韦德,盘口1,1.02,2.5,0.88,1.02,2.5,0.88
252,60,韦德,盘口2,0.77,2/2.5,1.15,0.77,2/2.5,1.14
253,60,韦德,盘口3,1.30,2.5/3,0.67,1.30,2.5/3,0.67
254,61,ManbetX,盘口1,0.98,2.5,0.92,0.96,2.5,0.94
255,61,ManbetX,盘口2,1.20,2.5/3,0.73,1.20,2.5/3,0.73
256,61,ManbetX,盘口3,0.70,2/2.5,1.25,0.71,2/2.5,1.23
257,61,Crown,盘口1,0.86,2.5,1.00,0.94,2.5,0.92
258,61,Crown,盘口2,1.08,2.5/3,0.78,1.17,2.5/3,0.71
259,61,Crown,盘口3,0.70,2/2.5,1.19,0.70,2/2.5,1.19
260,61,Bet365,盘口1,1.07,2.5/3,0.83,0.94,2.5,0.96
261,61,韦德,盘口1,0.91,2.5,0.98,0.95,2.5,0.95
262,61,韦德,盘口2,1.15,2.5/3,0.75,1.20,2.5/3,0.73
263,61,韦德,盘口3,0.67,2/2.5,1.30,0.70,2/2.5,1.25
264,61,明陞,盘口1,1.05,2.5/3,0.85,0.90,2.5,1.00
265,61,明陞,盘口2,1.22,2.5/3,0.72,1.18,2.5/3,0.75
266,61,10BET,盘口1,1.03,2.5/3,0.84,0.90,2.5,0.94
267,61,10BET,盘口2,1.02,2.5/3,0.81,1.13,2.5/3,0.71
268,61,10BET,盘口3,0.61,2/2.5,1.33,0.67,2/2.5,1.22
269,61,10BET,盘口4,1.58,3,0.51,1.58,3,0.51
270,61,金宝博,盘口1,1.05,2.5/3,0.85,0.96,2.5,0.94
271,61,金宝博,盘口2,1.13,2.5/3,0.78,1.20,2.5/3,0.73
272,61,金宝博,盘口3,0.71,2/2.5,1.23,0.71,2/2.5,1.23
273,61,12bet,盘口1,1.05,2.5/3,0.85,0.90,2.5,1.00
274,61,12bet,盘口2,1.22,2.5/3,0.72,1.18,2.5/3,0.75
275,61,利记,盘口1,1.08,2.5/3,0.82,0.96,2.5,0.94
276,61,利记,盘口2,0.96,2.5,0.94,1.19,2.5/3,0.74
277,61,盈禾,盘口1,1.02,2.5/3,0.85,0.95,2.5,0.92
278,61,盈禾,盘口2,1.09,2.5/3,0.78,1.19,2.5/3,0.71
279,61,盈禾,盘口3,0.71,2/2.5,1.19,0.71,2/2.5,1.19
280,61,盈禾,盘口4,1.19,2.5/3,0.71,0.71,2/2.5,1.19
281,61,18Bet,盘口1,1.09,2.5/3,0.82,0.93,2.5,0.95
282,61,18Bet,盘口2,1.17,2.5/3,0.75,1.19,2.5/3,0.74
283,61,18Bet,盘口3,0.71,2/2.5,1.20,0.71,2/2.5,1.23
284,61,立博,盘口1,0.70,2.5,1.10,0.91,2.5,0.85
285,61,立博,盘口2,0.22,1.5,3.20,0.30,1.5,2.50
286,61,立博,盘口3,1.75,3.5,0.44,2.30,3.5,0.33
287,61,立博,盘口4,0.04,0.5,12.00,0.06,0.5,10.00
288,62,ManbetX,盘口1,1.00,2/2.5,0.90,1.00,2/2.5,0.90
289,62,ManbetX,盘口2,1.26,2.5,0.69,1.26,2.5,0.69
290,62,ManbetX,盘口3,0.68,2,1.28,0.68,2,1.28
291,62,Crown,盘口1,0.96,2/2.5,0.90,0.96,2/2.5,0.90
292,62,Crown,盘口2,1.20,2.5,0.69,0.67,2,1.23
293,62,Crown,盘口3,1.20,2.5,0.69,1.20,2.5,0.69
294,62,Bet365,盘口1,1.25,2.5,0.70,0.98,2/2.5,0.92
295,62,韦德,盘口1,0.98,2/2.5,0.90,0.98,2/2.5,0.91
296,62,韦德,盘口2,0.70,2,1.25,1.25,2.5,0.70
297,62,韦德,盘口3,1.25,2.5,0.70,0.67,2,1.28
298,62,明陞,盘口1,1.11,2.5,0.80,0.97,2/2.5,0.93
299,62,明陞,盘口2,0.68,2,1.28,0.68,2,1.28
300,62,10BET,盘口1,1.08,2.5,0.79,0.96,2/2.5,0.89
301,62,10BET,盘口2,1.07,2.5,0.76,1.21,2.5,0.67
302,62,10BET,盘口3,0.57,2,1.42,1.24,2.5,0.66
303,62,10BET,盘口4,0.50,1.5/2,1.59,0.50,1.5/2,1.59
304,62,金宝博,盘口1,1.07,2.5,0.83,1.00,2/2.5,0.90
305,62,金宝博,盘口2,1.26,2.5,0.69,1.26,2.5,0.69
306,62,金宝博,盘口3,0.68,2,1.28,0.68,2,1.28
307,62,12bet,盘口1,1.11,2.5,0.80,0.97,2/2.5,0.93
308,62,12bet,盘口2,0.68,2,1.28,0.68,2,1.28
309,62,利记,盘口1,1.11,2.5,0.80,0.98,2/2.5,0.92
310,62,利记,盘口2,0.98,2/2.5,0.92,1.25,2.5,0.70
311,62,盈禾,盘口1,1.11,2.5,0.77,0.97,2/2.5,0.90
312,62,盈禾,盘口2,1.21,2.5,0.69,1.21,2.5,0.69
313,62,盈禾,盘口3,1.21,2.5,0.69,0.68,2,1.24
314,62,18Bet,盘口1,1.28,2.5,0.69,0.97,2/2.5,0.91
315,62,18Bet,盘口2,1.23,2.5,0.70,1.26,2.5,0.70
316,62,18Bet,盘口3,0.68,2,1.25,0.68,2,1.28
317,62,立博,盘口1,1.10,2.5,0.73,1.25,2.5,0.62
318,62,立博,盘口2,0.36,1.5,2.10,0.40,1.5,1.80
319,62,立博,盘口3,2.70,3.5,0.29,3.20,3.5,0.22
320,62,立博,盘口4,0.07,0.5,8.00,0.09,0.5,7.00
321,63,ManbetX,盘口1,0.99,2/2.5,0.91,0.99,2/2.5,0.91
322,63,ManbetX,盘口2,0.69,2,1.26,0.69,2,1.26
323,63,Crown,盘口1,0.98,2/2.5,0.88,0.98,2/2.5,0.88
324,63,Crown,盘口2,0.68,2,1.21,0.68,2,1.21
325,63,Bet365,盘口1,0.99,2/2.5,0.91,0.99,2/2.5,0.91
326,63,韦德,盘口1,0.98,2/2.5,0.90,1.02,2/2.5,0.89
327,63,韦德,盘口2,0.70,2,1.25,0.70,2,1.22
328,63,韦德,盘口3,1.25,2.5,0.70,1.28,2.5,0.67
329,63,明陞,盘口1,0.98,2/2.5,0.92,0.98,2/2.5,0.92
330,63,10BET,盘口1,0.96,2/2.5,0.90,0.97,2/2.5,0.88
331,63,10BET,盘口2,0.67,2,1.21,0.67,2,1.21
332,63,10BET,盘口3,1.26,2.5,0.64,1.26,2.5,0.64
333,63,10BET,盘口4,0.50,1.5/2,1.60,0.50,1.5/2,1.60
334,63,金宝博,盘口1,0.99,2/2.5,0.91,0.99,2/2.5,0.91
335,63,金宝博,盘口2,0.69,2,1.26,0.69,2,1.26
336,63,12bet,盘口1,0.98,2/2.5,0.92,0.98,2/2.5,0.92
337,63,利记,盘口1,1.00,2/2.5,0.90,1.00,2/2.5,0.90
338,63,盈禾,盘口1,0.99,2/2.5,0.88,0.99,2/2.5,0.88
339,63,盈禾,盘口2,0.69,2,1.22,0.69,2,1.22
340,63,盈禾,盘口3,0.69,2,1.22,0.69,2,1.22
341,63,18Bet,盘口1,0.98,2/2.5,0.92,0.98,2/2.5,0.90
342,63,18Bet,盘口2,0.69,2,1.23,0.69,2,1.26
343,63,立博,盘口1,1.05,2.5,0.75,1.25,2.5,0.62
344,63,立博,盘口2,0.33,1.5,2.20,0.25,1.5,2.80
345,63,立博,盘口3,2.60,3.5,0.29,3.20,3.5,0.22
346,63,立博,盘口4,0.07,0.5,8.50,0.05,0.5,12.00
347,64,ManbetX,盘口1,0.91,2.5,0.99,0.92,2.5,0.98
348,64,ManbetX,盘口2,1.16,2.5/3,0.76,1.16,2.5/3,0.76
349,64,Crown,盘口1,0.90,2.5,0.96,0.90,2.5,0.96
350,64,Crown,盘口2,1.12,2.5/3,0.75,1.12,2.5/3,0.75
351,64,Bet365,盘口1,0.93,2.5,0.97,0.93,2.5,0.97
352,64,韦德,盘口1,0.91,2.5,0.98,0.92,2.5,0.95
353,64,韦德,盘口2,1.15,2.5/3,0.75,1.15,2.5/3,0.75
354,64,韦德,盘口3,0.70,2/2.5,1.28,0.67,2/2.5,1.25
355,64,明陞,盘口1,0.90,2.5,1.00,0.94,2.5,0.96
356,64,10BET,盘口1,0.87,2.5,0.98,0.91,2.5,0.94
357,64,10BET,盘口2,1.14,2.5/3,0.70,1.12,2.5/3,0.72
358,64,10BET,盘口3,0.67,2/2.5,1.22,0.67,2/2.5,1.22
359,64,10BET,盘口4,1.59,3,0.50,1.59,3,0.50
360,64,金宝博,盘口1,0.91,2.5,0.99,0.92,2.5,0.98
361,64,金宝博,盘口2,1.16,2.5/3,0.76,1.16,2.5/3,0.76
362,64,12bet,盘口1,0.90,2.5,1.00,0.94,2.5,0.96
363,64,利记,盘口1,0.93,2.5,0.97,0.93,2.5,0.97
364,64,盈禾,盘口1,0.91,2.5,0.96,0.91,2.5,0.96
365,64,盈禾,盘口2,1.13,2.5/3,0.75,1.13,2.5/3,0.75
366,64,盈禾,盘口3,1.13,2.5/3,0.75,1.13,2.5/3,0.75
367,64,18Bet,盘口1,0.90,2.5,1.00,0.92,2.5,0.96
368,64,18Bet,盘口2,1.13,2.5/3,0.76,1.16,2.5/3,0.76
369,64,立博,盘口1,0.87,2.5,0.91,0.87,2.5,0.91
370,64,立博,盘口2,0.29,1.5,2.60,0.29,1.5,2.60
371,64,立博,盘口3,2.20,3.5,0.33,3.20,3.5,0.22
372,64,立博,盘口4,0.06,0.5,10.00,0.06,0.5,10.00
373,65,韦德,盘口1,0.95,2/2.5,0.95,0.98,2/2.5,0.91
374,65,韦德,盘口2,1.20,2.5,0.73,0.70,2,1.25
375,65,韦德,盘口3,0.67,2,1.30,1.25,2.5,0.70
376,65,立博,盘口1,1.20,2.5,0.67,1.20,2.5,0.67
377,65,立博,盘口2,0.40,1.5,1.90,0.40,1.5,1.90
378,65,立博,盘口3,3.00,3.5,0.22,3.00,3.5,0.22
379,65,立博,盘口4,0.08,0.5,7.50,0.08,0.5,7.50
380,66,韦德,盘口1,0.85,2/2.5,1.06,0.85,2/2.5,1.06
381,66,韦德,盘口2,1.10,2.5,0.80,1.10,2.5,0.80
382,66,韦德,盘口3,0.60,2,1.50,0.58,2,1.45
383,67,ManbetX,盘口1,0.98,2/2.5,0.92,0.98,2/2.5,0.92
384,67,ManbetX,盘口2,1.21,2.5,0.72,1.25,2.5,0.70
385,67,ManbetX,盘口3,0.68,2,1.28,0.68,2,1.28
386,67,Crown,盘口1,0.91,2/2.5,0.95,0.96,2/2.5,0.90
387,67,Crown,盘口2,1.14,2.5,0.73,0.67,2,1.23
388,67,Crown,盘口3,1.21,2.5,0.68,1.20,2.5,0.69
389,67,Bet365,盘口1,0.95,2/2.5,0.95,0.98,2/2.5,0.92
390,67,韦德,盘口1,0.91,2/2.5,0.95,0.98,2/2.5,0.91
391,67,韦德,盘口2,1.20,2.5,0.73,1.25,2.5,0.70
392,67,韦德,盘口3,0.65,2,1.38,0.67,2,1.28
393,67,明陞,盘口1,0.90,2/2.5,1.00,0.98,2/2.5,0.92
394,67,明陞,盘口2,0.70,2,1.25,0.70,2,1.25
395,67,10BET,盘口1,0.87,2/2.5,0.98,0.96,2/2.5,0.90
396,67,10BET,盘口2,1.15,2.5,0.70,0.68,2,1.19
397,67,10BET,盘口3,0.60,2,1.34,0.60,2,1.34
398,67,10BET,盘口4,1.52,2.5/3,0.52,1.52,2.5/3,0.52
399,67,金宝博,盘口1,0.88,2/2.5,1.02,0.98,2/2.5,0.92
400,67,金宝博,盘口2,1.16,2.5,0.76,1.25,2.5,0.70
401,67,金宝博,盘口3,0.68,2,1.28,0.68,2,1.28
402,67,12bet,盘口1,0.90,2/2.5,1.00,0.98,2/2.5,0.92
403,67,12bet,盘口2,0.70,2,1.25,0.70,2,1.25
404,67,利记,盘口1,0.92,2/2.5,0.98,0.98,2/2.5,0.92
405,67,利记,盘口2,0.72,2,1.21,0.72,2,1.21
406,67,盈禾,盘口1,0.89,2/2.5,0.98,0.97,2/2.5,0.90
407,67,盈禾,盘口2,1.16,2.5,0.73,1.21,2.5,0.69
408,67,盈禾,盘口3,0.68,2,1.24,0.68,2,1.24
409,67,18Bet,盘口1,0.95,2/2.5,0.95,0.97,2/2.5,0.91
410,67,18Bet,盘口2,1.23,2.5,0.69,0.70,2,1.25
411,67,18Bet,盘口3,0.68,2,1.25,1.25,2.5,0.70
412,67,立博,盘口1,0.75,2.5,1.00,1.25,2.5,0.62
413,67,立博,盘口2,0.25,1.5,2.90,0.40,1.5,1.90
414,67,立博,盘口3,1.90,3.5,0.40,3.20,3.5,0.22
415,67,立博,盘口4,0.05,0.5,12.00,0.08,0.5,7.50
416,68,ManbetX,盘口1,1.00,2/2.5,0.90,1.02,2/2.5,0.88
417,68,ManbetX,盘口2,1.26,2.5,0.69,1.29,2.5,0.67
418,68,ManbetX,盘口3,0.68,2,1.28,0.69,2,1.26
419,68,Crown,盘口1,0.94,2/2.5,0.92,0.98,2/2.5,0.88
420,68,Crown,盘口2,1.19,2.5,0.70,0.68,2,1.21
421,68,Crown,盘口3,1.20,2.5,0.69,1.23,2.5,0.67
422,68,Bet365,盘口1,1.25,2.5,0.70,1.00,2/2.5,0.90
423,68,韦德,盘口1,0.98,2/2.5,0.91,1.00,2/2.5,0.90
424,68,韦德,盘口2,1.25,2.5,0.70,0.70,2,1.25
425,68,韦德,盘口3,0.70,2,1.28,1.28,2.5,0.67
426,68,明陞,盘口1,1.05,2.5,0.85,1.00,2/2.5,0.90
427,68,明陞,盘口2,0.70,2,1.25,0.70,2,1.25
428,68,10BET,盘口1,1.03,2.5,0.84,0.97,2/2.5,0.88
429,68,10BET,盘口2,1.04,2.5,0.79,0.67,2,1.21
430,68,10BET,盘口3,0.56,2,1.43,0.65,2,1.25
431,68,10BET,盘口4,0.49,1.5/2,1.63,0.49,1.5/2,1.62
432,68,金宝博,盘口1,1.07,2.5,0.83,1.02,2/2.5,0.88
433,68,金宝博,盘口2,1.25,2.5,0.70,1.29,2.5,0.67
434,68,金宝博,盘口3,0.68,2,1.28,0.69,2,1.26
435,68,12bet,盘口1,1.05,2.5,0.85,1.00,2/2.5,0.90
436,68,12bet,盘口2,0.70,2,1.25,0.70,2,1.25
437,68,利记,盘口1,1.09,2.5,0.81,0.98,2/2.5,0.92
438,68,利记,盘口2,0.98,2/2.5,0.92,1.25,2.5,0.70
439,68,盈禾,盘口1,1.11,2.5,0.77,0.99,2/2.5,0.88
440,68,盈禾,盘口2,1.20,2.5,0.70,1.24,2.5,0.67
441,68,盈禾,盘口3,0.68,2,1.24,0.69,2,1.22
442,68,盈禾,盘口4,0.68,2,1.24,0.69,2,1.22
443,68,18Bet,盘口1,1.26,2.5,0.70,0.99,2/2.5,0.89
444,68,18Bet,盘口2,1.22,2.5,0.71,0.70,2,1.26
445,68,18Bet,盘口3,0.68,2,1.25,1.27,2.5,0.69
446,68,立博,盘口1,1.00,2.5,0.80,1.30,2.5,0.62
447,68,立博,盘口2,0.33,1.5,2.30,0.40,1.5,1.80
448,68,立博,盘口3,2.40,3.5,0.30,3.25,3.5,0.22
449,68,立博,盘口4,0.06,0.5,9.00,0.09,0.5,7.00
450,69,ManbetX,盘口1,0.92,2/2.5,0.98,0.90,2/2.5,1.00
451,69,ManbetX,盘口2,1.19,2.5,0.74,1.19,2.5,0.74
452,69,Crown,盘口1,0.90,2/2.5,0.96,0.89,2/2.5,0.97
453,69,Crown,盘口2,1.14,2.5,0.73,1.14,2.5,0.73
454,69,Bet365,盘口1,0.91,2/2.5,0.99,0.90,2/2.5,1.00
455,69,韦德,盘口1,0.91,2/2.5,0.98,0.91,2/2.5,0.98
456,69,韦德,盘口2,1.18,2.5,0.75,1.18,2.5,0.75
457,69,韦德,盘口3,0.62,2,1.40,0.62,2,1.35
458,69,明陞,盘口1,0.90,2/2.5,1.00,0.90,2/2.5,1.00
459,69,10BET,盘口1,0.87,2/2.5,0.98,0.87,2/2.5,0.98
460,69,10BET,盘口2,1.11,2.5,0.74,1.10,2.5,0.74
461,69,10BET,盘口3,0.57,2,1.40,0.57,2,1.40
462,69,10BET,盘口4,1.46,2.5/3,0.54,1.46,2.5/3,0.54
463,69,金宝博,盘口1,0.91,2/2.5,0.99,0.90,2/2.5,1.00
464,69,金宝博,盘口2,1.16,2.5,0.76,1.19,2.5,0.74
465,69,12bet,盘口1,0.90,2/2.5,1.00,0.90,2/2.5,1.00
466,69,利记,盘口1,0.91,2/2.5,0.99,0.91,2/2.5,0.99
467,69,盈禾,盘口1,0.91,2/2.5,0.96,0.90,2/2.5,0.97
468,69,盈禾,盘口2,1.16,2.5,0.73,1.16,2.5,0.73
469,69,盈禾,盘口3,1.16,2.5,0.73,1.16,2.5,0.73
470,69,18Bet,盘口1,0.90,2/2.5,1.00,0.89,2/2.5,0.99
471,69,18Bet,盘口2,1.16,2.5,0.74,1.19,2.5,0.74
472,69,立博,盘口1,1.10,2.5,0.70,1.15,2.5,0.67
473,69,立博,盘口2,0.36,1.5,2.10,0.36,1.5,2.00
474,69,立博,盘口3,2.80,3.5,0.25,2.90,3.5,0.25
475,69,立博,盘口4,0.07,0.5,8.00,0.08,0.5,8.00
476,70,ManbetX,盘口1,0.81,2,1.09,0.82,2,1.08
477,70,ManbetX,盘口2,1.11,2/2.5,0.80,1.13,2/2.5,0.78
478,70,Crown,盘口1,1.06,2/2.5,0.80,0.82,2,1.04
479,70,Crown,盘口2,0.76,2,1.11,1.12,2/2.5,0.75
480,70,Bet365,盘口1,1.09,2/2.5,0.81,1.12,2/2.5,0.78
481,70,韦德,盘口1,1.08,2/2.5,0.83,0.83,2,1.08
482,70,韦德,盘口2,0.77,2,1.15,1.12,2/2.5,0.77
483,70,韦德,盘口3,1.38,2.5,0.65,0.62,1.5/2,1.40
484,70,明陞,盘口1,1.05,2/2.5,0.85,1.12,2/2.5,0.79
485,70,10BET,盘口1,1.03,2/2.5,0.84,1.10,2/2.5,0.78
486,70,10BET,盘口2,0.74,2,1.11,0.74,2,1.10
487,70,10BET,盘口3,1.36,2.5,0.59,1.36,2.5,0.59
488,70,10BET,盘口4,0.54,1.5/2,1.48,0.54,1.5/2,1.48
489,70,金宝博,盘口1,1.07,2/2.5,0.83,0.82,2,1.08
490,70,金宝博,盘口2,0.77,2,1.14,1.13,2/2.5,0.78
491,70,12bet,盘口1,1.05,2/2.5,0.85,1.12,2/2.5,0.79
492,70,利记,盘口1,1.07,2/2.5,0.83,1.14,2/2.5,0.77
493,70,盈禾,盘口1,1.07,2/2.5,0.80,0.83,2,1.04
494,70,盈禾,盘口2,0.77,2,1.11,1.13,2/2.5,0.75
495,70,18Bet,盘口1,1.05,2/2.5,0.85,0.82,2,1.08
496,70,18Bet,盘口2,1.13,2/2.5,0.78,1.13,2/2.5,0.78
497,70,立博,盘口1,1.38,2.5,0.57,1.40,2.5,0.53
498,70,立博,盘口2,0.44,1.5,1.70,0.44,1.5,1.65
499,70,立博,盘口3,3.50,3.5,0.20,3.60,3.5,0.18
500,70,立博,盘口4,0.10,0.5,6.50,0.10,0.5,6.50
501,71,韦德,盘口1,1.10,2/2.5,0.80,1.10,2/2.5,0.80
502,71,韦德,盘口2,0.77,2,1.14,0.80,2,1.12
503,71,韦德,盘口3,1.40,2.5,0.65,0.60,1.5/2,1.45
504,72,韦德,盘口1,0.87,2.5/3,1.02,0.87,2.5/3,1.02
505,72,韦德,盘口2,1.14,3,0.77,1.14,3,0.77
506,72,韦德,盘口3,0.70,2.5,1.28,0.70,2.5,1.25
507,73,ManbetX,盘口1,0.90,2,1.00,0.89,2,1.01
508,73,ManbetX,盘口2,1.21,2/2.5,0.72,1.20,2/2.5,0.73
509,73,ManbetX,盘口3,0.64,1.5/2,1.35,0.65,1.5/2,1.33
510,73,Crown,盘口1,0.82,2,1.04,0.88,2,0.98
511,73,Crown,盘口2,1.12,2/2.5,0.75,0.64,1.5/2,1.28
512,73,Crown,盘口3,1.16,2/2.5,0.72,1.19,2/2.5,0.70
513,73,Bet365,盘口1,1.12,2/2.5,0.78,0.90,2,1.00
514,73,韦德,盘口1,0.85,2,1.05,0.88,2,1.02
515,73,韦德,盘口2,1.18,2/2.5,0.75,1.20,2/2.5,0.73
516,73,韦德,盘口3,0.65,1.5/2,1.38,0.65,1.5/2,1.35
517,73,明陞,盘口1,1.11,2/2.5,0.80,0.89,2,1.01
518,73,明陞,盘口2,1.18,2/2.5,0.75,1.18,2/2.5,0.75
519,73,10BET,盘口1,1.08,2/2.5,0.79,0.86,2,0.99
520,73,10BET,盘口2,1.07,2/2.5,0.76,1.14,2/2.5,0.70
521,73,10BET,盘口3,1.40,2.5,0.58,0.61,1.5/2,1.33
522,73,10BET,盘口4,1.52,2.5,0.52,1.52,2.5,0.53
523,73,金宝博,盘口1,1.07,2/2.5,0.83,0.89,2,1.01
524,73,金宝博,盘口2,1.17,2/2.5,0.75,1.20,2/2.5,0.73
525,73,金宝博,盘口3,0.64,1.5/2,1.35,0.65,1.5/2,1.33
526,73,12bet,盘口1,1.11,2/2.5,0.80,0.89,2,1.01
527,73,12bet,盘口2,1.18,2/2.5,0.75,1.18,2/2.5,0.75
528,73,利记,盘口1,1.11,2/2.5,0.80,0.90,2,1.00
529,73,利记,盘口2,0.90,2,1.00,1.16,2/2.5,0.76
530,73,盈禾,盘口1,1.04,2/2.5,0.83,0.89,2,0.98
531,73,盈禾,盘口2,1.13,2/2.5,0.75,1.20,2/2.5,0.70
532,73,盈禾,盘口3,0.64,1.5/2,1.30,0.65,1.5/2,1.28
533,73,盈禾,盘口4,0.65,1.5/2,1.28,0.65,1.5/2,1.28
534,73,18Bet,盘口1,1.14,2/2.5,0.78,0.88,2,1.00
535,73,18Bet,盘口2,1.17,2/2.5,0.75,1.18,2/2.5,0.75
536,73,18Bet,盘口3,0.64,1.5/2,1.31,0.65,1.5/2,1.33
537,73,立博,盘口1,1.20,2.5,0.67,1.45,2.5,0.53
538,73,立博,盘口2,0.40,1.5,1.90,0.50,1.5,1.62
539,73,立博,盘口3,3.00,3.5,0.22,3.75,3.5,0.18
540,73,立博,盘口4,0.08,0.5,7.50,0.10,0.5,6.00
541,74,ManbetX,盘口1,0.90,2.5,1.00,0.89,2.5,1.01
542,74,ManbetX,盘口2,1.12,2.5/3,0.79,1.11,2.5/3,0.80
543,74,ManbetX,盘口3,0.65,2/2.5,1.33,0.65,2/2.5,1.33
544,74,Crown,盘口1,1.01,2.5/3,0.85,0.86,2.5,1.00
545,74,Crown,盘口2,0.79,2.5,1.07,1.08,2.5/3,0.78
546,74,Crown,盘口3,1.11,2.5/3,0.76,0.64,2/2.5,1.28
547,74,Bet365,盘口1,1.05,2.5/3,0.85,0.88,2.5,1.02
548,74,韦德,盘口1,1.02,2.5/3,0.85,0.88,2.5,1.02
549,74,韦德,盘口2,0.83,2.5,1.08,1.08,2.5/3,0.80
550,74,韦德,盘口3,1.40,3,0.62,0.65,2/2.5,1.35
551,74,明陞,盘口1,0.90,2.5/3,1.00,0.83,2.5,1.08
552,74,明陞,盘口2,0.83,2.5,1.08,1.06,2.5/3,0.84
553,74,10BET,盘口1,0.87,2.5/3,0.98,0.84,2.5,1.03
554,74,10BET,盘口2,0.74,2.5,1.10,1.04,2.5/3,0.78
555,74,10BET,盘口3,1.24,3,0.66,1.37,3,0.59
556,74,10BET,盘口4,0.58,2/2.5,1.38,0.58,2/2.5,1.38
557,74,金宝博,盘口1,1.05,2.5/3,0.85,0.89,2.5,1.01
558,74,金宝博,盘口2,0.82,2.5,1.08,1.11,2.5/3,0.80
559,74,金宝博,盘口3,0.67,2/2.5,1.29,0.65,2/2.5,1.33
560,74,12bet,盘口1,0.90,2.5/3,1.00,0.83,2.5,1.08
561,74,12bet,盘口2,0.83,2.5,1.08,1.06,2.5/3,0.84
562,74,利记,盘口1,0.94,2.5/3,0.96,0.86,2.5,1.04
563,74,利记,盘口2,0.86,2.5,1.04,1.09,2.5/3,0.81
564,74,盈禾,盘口1,1.02,2.5/3,0.85,0.87,2.5,1.00
565,74,盈禾,盘口2,0.80,2.5,1.07,1.09,2.5/3,0.78
566,74,盈禾,盘口3,0.67,2/2.5,1.25,0.65,2/2.5,1.28
567,74,盈禾,盘口4,0.65,2/2.5,1.28,0.65,2/2.5,1.28
568,74,18Bet,盘口1,1.05,2.5/3,0.86,0.85,2.5,1.03
569,74,18Bet,盘口2,1.09,2.5/3,0.81,1.08,2.5/3,0.81
570,74,18Bet,盘口3,0.67,2/2.5,1.26,0.65,2/2.5,1.33
571,74,立博,盘口1,0.73,2.5,1.05,0.85,2.5,0.91
572,74,立博,盘口2,0.22,1.5,3.00,0.50,1.5,1.62
573,74,立博,盘口3,1.80,3.5,0.40,2.10,3.5,0.36
574,74,立博,盘口4,0.05,0.5,12.00,0.06,0.5,11.00
575,75,ManbetX,盘口1,0.86,2.5/3,1.04,0.86,2.5/3,1.04
576,75,ManbetX,盘口2,1.14,3,0.77,1.14,3,0.77
577,75,Crown,盘口1,1.12,3,0.75,0.85,2.5/3,1.01
578,75,Crown,盘口2,1.12,3,0.75,1.11,3,0.76
579,75,Bet365,盘口1,1.16,3,0.76,0.84,2.5/3,1.06
580,75,韦德,盘口1,0.87,2.5/3,1.02,0.83,2.5/3,1.08
581,75,韦德,盘口2,1.14,3,0.77,1.08,3,0.80
582,75,韦德,盘口3,0.70,2.5,1.28,0.67,2.5,1.30
583,75,明陞,盘口1,1.09,3,0.82,0.83,2.5/3,1.08
584,75,10BET,盘口1,1.06,3,0.80,0.83,2.5/3,1.03
585,75,10BET,盘口2,1.05,3,0.77,1.08,3,0.75
586,75,10BET,盘口3,0.66,2.5,1.23,0.66,2.5,1.23
587,75,10BET,盘口4,1.38,3/3.5,0.58,1.38,3/3.5,0.58
588,75,金宝博,盘口1,1.07,3,0.83,0.86,2.5/3,1.04
589,75,金宝博,盘口2,1.16,3,0.76,1.14,3,0.77
590,75,12bet,盘口1,1.09,3,0.82,0.83,2.5/3,1.08
591,75,利记,盘口1,1.11,3,0.80,1.17,3,0.75
592,75,盈禾,盘口1,1.07,3,0.80,0.86,2.5/3,1.01
593,75,盈禾,盘口2,1.13,3,0.75,1.12,3,0.76
594,75,18Bet,盘口1,1.08,3,0.82,0.84,2.5/3,1.05
595,75,18Bet,盘口2,1.16,3,0.76,1.16,3,0.76
596,75,立博,盘口1,0.67,2.5,1.15,0.62,2.5,1.25
597,75,立博,盘口2,0.22,1.5,3.33,0.20,1.5,3.50
598,75,立博,盘口3,1.65,3.5,0.44,2.90,3.5,0.25
599,75,立博,盘口4,0.04,0.5,14.00,0.04,0.5,14.00
600,76,ManbetX,盘口1,0.80,2,1.11,0.80,2,1.11
601,76,ManbetX,盘口2,1.12,2/2.5,0.79,1.12,2/2.5,0.79
602,76,Crown,盘口1,1.06,2/2.5,0.80,0.79,2,1.07
603,76,Crown,盘口2,1.08,2/2.5,0.78,1.08,2/2.5,0.78
604,76,Bet365,盘口1,1.11,2/2.5,0.79,1.11,2/2.5,0.79
605,76,韦德,盘口1,1.08,2/2.5,0.83,0.80,2,1.10
606,76,韦德,盘口2,0.77,2,1.15,1.12,2/2.5,0.77
607,76,韦德,盘口3,1.38,2.5,0.65,0.62,1.5/2,1.40
608,76,明陞,盘口1,1.05,2/2.5,0.85,1.14,2/2.5,0.78
609,76,10BET,盘口1,1.03,2/2.5,0.84,0.80,2,1.07
610,76,10BET,盘口2,1.08,2/2.5,0.76,1.08,2/2.5,0.76
611,76,10BET,盘口3,1.41,2.5,0.57,1.41,2.5,0.57
612,76,10BET,盘口4,0.56,1.5/2,1.42,0.56,1.5/2,1.42
613,76,金宝博,盘口1,1.07,2/2.5,0.83,0.80,2,1.11
614,76,金宝博,盘口2,1.12,2/2.5,0.79,1.12,2/2.5,0.79
615,76,12bet,盘口1,1.05,2/2.5,0.85,1.14,2/2.5,0.78
616,76,利记,盘口1,1.11,2/2.5,0.80,1.11,2/2.5,0.80
617,76,盈禾,盘口1,1.07,2/2.5,0.80,0.80,2,1.07
618,76,盈禾,盘口2,1.09,2/2.5,0.78,1.09,2/2.5,0.78
619,76,18Bet,盘口1,1.05,2/2.5,0.85,0.80,2,1.11
620,76,18Bet,盘口2,1.11,2/2.5,0.79,1.12,2/2.5,0.79
621,76,立博,盘口1,1.35,2.5,0.57,1.35,2.5,0.57
622,76,立博,盘口2,0.44,1.5,1.70,0.44,1.5,1.70
623,76,立博,盘口3,3.50,3.5,0.20,3.50,3.5,0.20
624,76,立博,盘口4,0.09,0.5,6.50,0.10,0.5,6.50
625,77,韦德,盘口1,0.95,2.5,0.95,0.95,2.5,0.95
626,77,韦德,盘口2,1.20,2.5/3,0.73,1.20,2.5/3,0.73
627,77,韦德,盘口3,0.70,2/2.5,1.25,0.70,2/2.5,1.22
628,78,韦德,盘口1,1.02,2/2.5,0.89,1.02,2/2.5,0.87
629,78,韦德,盘口2,0.73,2,1.22,0.73,2,1.20
630,78,韦德,盘口3,1.30,2.5,0.67,1.30,2.5,0.67
631,79,ManbetX,盘口1,0.87,2.5,1.03,0.87,2.5,1.03
632,79,ManbetX,盘口2,1.13,2.5/3,0.78,1.12,2.5/3,0.79
633,79,ManbetX,盘口3,0.65,2/2.5,1.33,0.65,2/2.5,1.33
634,79,Crown,盘口1,0.86,2.5,1.00,0.86,2.5,1.00
635,79,Crown,盘口2,1.08,2.5/3,0.78,0.64,2/2.5,1.28
636,79,Crown,盘口3,0.66,2/2.5,1.25,1.08,2.5/3,0.78
637,79,Bet365,盘口1,1.11,2.5/3,0.79,0.87,2.5,1.03
638,79,韦德,盘口1,0.87,2.5,1.02,0.88,2.5,1.02
639,79,韦德,盘口2,1.10,2.5/3,0.80,1.08,2.5/3,0.80
640,79,韦德,盘口3,0.65,2/2.5,1.35,0.65,2/2.5,1.35
641,79,明陞,盘口1,1.11,2.5/3,0.80,0.84,2.5,1.06
642,79,明陞,盘口2,0.83,2.5,1.08,1.09,2.5/3,0.82
643,79,10BET,盘口1,1.08,2.5/3,0.79,0.85,2.5,1.01
644,79,10BET,盘口2,1.05,2.5/3,0.77,1.06,2.5/3,0.76
645,79,10BET,盘口3,0.60,2/2.5,1.35,0.60,2/2.5,1.35
646,79,10BET,盘口4,1.41,3,0.57,1.41,3,0.57
647,79,金宝博,盘口1,1.13,2.5/3,0.78,0.87,2.5,1.03
648,79,金宝博,盘口2,1.13,2.5/3,0.78,1.12,2.5/3,0.79
649,79,金宝博,盘口3,0.67,2/2.5,1.29,0.65,2/2.5,1.33
650,79,12bet,盘口1,1.11,2.5/3,0.80,0.84,2.5,1.06
651,79,12bet,盘口2,0.83,2.5,1.08,1.09,2.5/3,0.82
652,79,利记,盘口1,1.11,2.5/3,0.80,0.86,2.5,1.04
653,79,利记,盘口2,0.86,2.5,1.04,1.11,2.5/3,0.80
654,79,盈禾,盘口1,1.09,2.5/3,0.78,0.87,2.5,1.00
655,79,盈禾,盘口2,1.09,2.5/3,0.78,1.09,2.5/3,0.78
656,79,盈禾,盘口3,0.67,2/2.5,1.25,0.65,2/2.5,1.28
657,79,盈禾,盘口4,1.09,2.5/3,0.78,1.09,2.5/3,0.78
658,79,18Bet,盘口1,1.11,2.5/3,0.80,0.85,2.5,1.03
659,79,18Bet,盘口2,1.11,2.5/3,0.79,1.10,2.5/3,0.80
660,79,18Bet,盘口3,0.67,2/2.5,1.26,0.65,2/2.5,1.33
661,79,立博,盘口1,0.80,2.5,0.95,0.83,2.5,0.95
662,79,立博,盘口2,0.25,1.5,2.80,0.25,1.5,2.75
663,79,立博,盘口3,2.00,3.5,0.36,2.00,3.5,0.36
664,79,立博,盘口4,0.05,0.5,11.00,0.05,0.5,11.00
665,80,ManbetX,盘口1,1.05,2/2.5,0.85,1.06,2/2.5,0.84
666,80,ManbetX,盘口2,0.75,2,1.17,0.76,2,1.16
667,80,ManbetX,盘口3,1.33,2.5,0.65,1.33,2.5,0.65
668,80,Crown,盘口1,1.01,2/2.5,0.85,1.02,2/2.5,0.84
669,80,Crown,盘口2,0.72,2,1.16,1.26,2.5,0.65
670,80,Crown,盘口3,0.71,2,1.17,0.72,2,1.16
671,80,Bet365,盘口1,1.02,2/2.5,0.88,1.04,2/2.5,0.86
672,80,韦德,盘口1,1.06,2/2.5,0.85,1.05,2/2.5,0.85
673,80,韦德,盘口2,0.75,2,1.18,0.75,2,1.18
674,80,韦德,盘口3,1.35,2.5,0.67,1.30,2.5,0.65
675,80,明陞,盘口1,0.90,2/2.5,1.00,1.05,2/2.5,0.85
676,80,明陞,盘口2,0.73,2,1.20,0.73,2,1.20
677,80,10BET,盘口1,0.87,2/2.5,0.98,1.04,2/2.5,0.82
678,80,10BET,盘口2,1.22,2.5,0.67,0.71,2,1.13
679,80,10BET,盘口3,0.64,2,1.26,1.37,2.5,0.59
680,80,10BET,盘口4,0.54,1.5/2,1.47,0.54,1.5/2,1.47
681,80,金宝博,盘口1,1.02,2/2.5,0.88,1.06,2/2.5,0.84
682,80,金宝博,盘口2,0.76,2,1.16,0.76,2,1.16
683,80,金宝博,盘口3,1.36,2.5,0.63,1.33,2.5,0.65
684,80,12bet,盘口1,0.90,2/2.5,1.00,1.05,2/2.5,0.85
685,80,12bet,盘口2,0.73,2,1.20,0.73,2,1.20
686,80,利记,盘口1,0.95,2/2.5,0.95,1.01,2/2.5,0.89
687,80,利记,盘口2,0.76,2,1.16,0.70,2,1.25
688,80,盈禾,盘口1,0.99,2/2.5,0.88,1.03,2/2.5,0.84
689,80,盈禾,盘口2,0.73,2,1.16,0.73,2,1.16
690,80,盈禾,盘口3,0.73,2,1.16,1.28,2.5,0.65
691,80,18Bet,盘口1,1.03,2/2.5,0.87,1.03,2/2.5,0.85
692,80,18Bet,盘口2,0.73,2,1.17,0.73,2,1.20
693,80,18Bet,盘口3,1.33,2.5,0.63,1.33,2.5,0.65
694,80,立博,盘口1,1.10,2.5,0.73,1.20,2.5,0.67
695,80,立博,盘口2,0.36,1.5,2.10,0.25,1.5,2.75
696,80,立博,盘口3,2.70,3.5,0.29,3.00,3.5,0.22
697,80,立博,盘口4,0.07,0.5,8.00,0.05,0.5,11.00
698,81,ManbetX,盘口1,0.99,2/2.5,0.91,1.01,2/2.5,0.89
699,81,ManbetX,盘口2,0.69,2,1.26,0.69,2,1.26
700,81,Crown,盘口1,0.98,2/2.5,0.88,0.98,2/2.5,0.88
701,81,Crown,盘口2,0.68,2,1.21,0.68,2,1.21
702,81,Bet365,盘口1,0.99,2/2.5,0.91,1.00,2/2.5,0.90
703,81,韦德,盘口1,0.98,2/2.5,0.91,1.00,2/2.5,0.90
704,81,韦德,盘口2,0.70,2,1.25,0.70,2,1.22
705,81,韦德,盘口3,1.25,2.5,0.70,1.28,2.5,0.67
706,81,明陞,盘口1,0.98,2/2.5,0.92,0.98,2/2.5,0.92
707,81,10BET,盘口1,0.96,2/2.5,0.90,0.97,2/2.5,0.88
708,81,10BET,盘口2,0.67,2,1.21,0.67,2,1.21
709,81,10BET,盘口3,1.26,2.5,0.64,1.26,2.5,0.64
710,81,10BET,盘口4,0.50,1.5/2,1.60,0.50,1.5/2,1.60
711,81,金宝博,盘口1,0.99,2/2.5,0.91,1.01,2/2.5,0.89
712,81,金宝博,盘口2,0.69,2,1.26,0.69,2,1.26
713,81,12bet,盘口1,0.98,2/2.5,0.92,0.98,2/2.5,0.92
714,81,利记,盘口1,1.00,2/2.5,0.90,1.00,2/2.5,0.90
715,81,盈禾,盘口1,0.99,2/2.5,0.88,0.99,2/2.5,0.88
716,81,盈禾,盘口2,0.69,2,1.22,0.69,2,1.22
717,81,盈禾,盘口3,0.69,2,1.22,0.69,2,1.22
718,81,18Bet,盘口1,0.98,2/2.5,0.92,0.99,2/2.5,0.89
719,81,18Bet,盘口2,0.69,2,1.23,0.69,2,1.26
720,81,立博,盘口1,1.25,2.5,0.62,1.25,2.5,0.62
721,81,立博,盘口2,0.40,1.5,1.88,0.40,1.5,1.88
722,81,立博,盘口3,3.20,3.5,0.22,3.20,3.5,0.22
723,81,立博,盘口4,0.08,0.5,7.00,0.08,0.5,7.00
724,82,ManbetX,盘口1,0.88,2.5,1.02,0.86,2.5,1.04
725,82,ManbetX,盘口2,1.13,2.5/3,0.78,1.11,2.5/3,0.80
726,82,Crown,盘口1,1.09,2.5/3,0.77,0.85,2.5,1.01
727,82,Crown,盘口2,1.09,2.5/3,0.77,1.07,2.5/3,0.79
728,82,Bet365,盘口1,1.10,2.5/3,0.80,1.11,2.5/3,0.79
729,82,韦德,盘口1,0.91,2.5,0.98,0.87,2.5,1.02
730,82,韦德,盘口2,1.15,2.5/3,0.77,1.08,2.5/3,0.80
731,82,韦德,盘口3,0.67,2/2.5,1.30,0.65,2/2.5,1.35
732,82,明陞,盘口1,1.11,2.5/3,0.80,1.11,2.5/3,0.80
733,82,10BET,盘口1,1.08,2.5/3,0.79,0.87,2.5,0.98
734,82,10BET,盘口2,1.07,2.5/3,0.76,1.06,2.5/3,0.76
735,82,10BET,盘口3,0.63,2/2.5,1.29,0.63,2/2.5,1.29
736,82,10BET,盘口4,1.48,3,0.54,1.48,3,0.54
737,82,金宝博,盘口1,1.11,2.5/3,0.80,0.86,2.5,1.04
738,82,金宝博,盘口2,1.13,2.5/3,0.78,1.11,2.5/3,0.80
739,82,12bet,盘口1,1.11,2.5/3,0.80,1.11,2.5/3,0.80
740,82,利记,盘口1,1.11,2.5/3,0.80,1.11,2.5/3,0.80
741,82,盈禾,盘口1,1.11,2.5/3,0.77,0.86,2.5,1.01
742,82,盈禾,盘口2,1.11,2.5/3,0.77,1.08,2.5/3,0.79
743,82,18Bet,盘口1,1.11,2.5/3,0.80,0.85,2.5,1.03
744,82,18Bet,盘口2,1.11,2.5/3,0.79,1.11,2.5/3,0.80
745,82,立博,盘口1,0.80,2.5,1.00,0.83,2.5,0.95
746,82,立博,盘口2,0.25,1.5,2.80,0.29,1.5,2.70
747,82,立博,盘口3,2.00,3.5,0.36,2.10,3.5,0.36
748,82,立博,盘口4,0.05,0.5,11.00,0.08,0.5,7.00
749,83,韦德,盘口1,1.05,3,0.85,1.02,3,0.88
750,83,韦德,盘口2,0.80,2.5/3,1.12,0.77,2.5/3,1.12
751,83,韦德,盘口3,1.30,3/3.5,0.67,1.30,3/3.5,0.67
752,84,韦德,盘口1,0.91,2/2.5,0.98,0.91,2/2.5,0.98
753,84,韦德,盘口2,1.18,2.5,0.75,1.15,2.5,0.75
754,84,韦德,盘口3,0.65,2,1.40,0.62,2,1.38
755,84,18Bet,盘口1,1.11,2.5/3,0.80,1.11,2.5/3,0.80
756,85,ManbetX,盘口1,0.89,2.5/3,1.01,0.89,2.5/3,1.01
757,85,ManbetX,盘口2,1.16,3,0.76,1.16,3,0.76
758,85,ManbetX,盘口3,0.69,2.5,1.26,0.71,2.5,1.23
759,85,Crown,盘口1,0.82,2.5/3,1.04,0.85,2.5/3,1.01
760,85,Crown,盘口2,1.06,3,0.80,0.68,2.5,1.21
761,85,Crown,盘口3,1.13,3,0.74,1.11,3,0.76
762,85,Bet365,盘口1,1.09,3,0.81,0.87,2.5/3,1.03
763,85,韦德,盘口1,0.85,2.5/3,1.02,0.83,2.5/3,1.08
764,85,韦德,盘口2,1.12,3,0.77,1.08,3,0.80
765,85,韦德,盘口3,0.70,2.5,1.28,0.67,2.5,1.30
766,85,明陞,盘口1,1.05,3,0.85,0.85,2.5/3,1.05
767,85,明陞,盘口2,1.12,3,0.79,1.12,3,0.79
768,85,10BET,盘口1,1.03,3,0.84,0.86,2.5/3,1.00
769,85,10BET,盘口2,0.75,2.5/3,1.08,1.08,3,0.76
770,85,10BET,盘口3,1.25,3/3.5,0.65,0.67,2.5,1.22
771,85,10BET,盘口4,1.40,3/3.5,0.57,1.40,3/3.5,0.58
772,85,金宝博,盘口1,1.07,3,0.83,0.89,2.5/3,1.01
773,85,金宝博,盘口2,1.11,3,0.80,1.16,3,0.76
774,85,金宝博,盘口3,0.72,2.5,1.21,0.71,2.5,1.23
775,85,12bet,盘口1,1.05,3,0.85,0.85,2.5/3,1.05
776,85,12bet,盘口2,1.12,3,0.79,1.12,3,0.79
777,85,利记,盘口1,1.03,3,0.87,0.86,2.5/3,1.04
778,85,利记,盘口2,0.86,2.5/3,1.04,1.09,3,0.81
779,85,盈禾,盘口1,1.04,3,0.83,0.86,2.5/3,1.01
780,85,盈禾,盘口2,1.07,3,0.80,1.12,3,0.76
781,85,盈禾,盘口3,0.72,2.5,1.18,0.69,2.5,1.22
782,85,盈禾,盘口4,0.69,2.5,1.22,0.69,2.5,1.22
783,85,18Bet,盘口1,1.11,3,0.80,0.86,2.5/3,1.02
784,85,18Bet,盘口2,1.12,3,0.78,1.12,3,0.79
785,85,18Bet,盘口3,0.72,2.5,1.19,0.71,2.5,1.23
786,85,立博,盘口1,0.57,2.5,1.40,0.67,2.5,1.20
787,85,立博,盘口2,0.17,1.5,4.00,0.20,1.5,3.40
788,85,立博,盘口3,1.38,3.5,0.57,1.65,3.5,0.44
789,85,立博,盘口4,0.03,0.5,16.00,0.04,0.5,14.00
790,86,ManbetX,盘口1,0.93,2.5,0.97,0.91,2.5,0.99
791,86,ManbetX,盘口2,1.17,2.5/3,0.75,1.21,2.5/3,0.72
792,86,ManbetX,盘口3,0.67,2/2.5,1.29,0.71,2/2.5,1.23
793,86,Crown,盘口1,0.87,2.5,0.99,0.92,2.5,0.94
794,86,Crown,盘口2,1.09,2.5/3,0.77,0.69,2/2.5,1.20
795,86,Crown,盘口3,1.16,2.5/3,0.72,1.16,2.5/3,0.72
796,86,Bet365,盘口1,1.14,2.5/3,0.77,0.91,2.5,0.99
797,86,韦德,盘口1,0.89,2.5,0.98,0.91,2.5,0.98
798,86,韦德,盘口2,1.14,2.5/3,0.77,1.15,2.5/3,0.75
799,86,韦德,盘口3,0.67,2/2.5,1.30,0.67,2/2.5,1.28
800,86,明陞,盘口1,1.00,2.5/3,0.90,0.90,2.5,1.00
801,86,明陞,盘口2,1.18,2.5/3,0.75,1.18,2.5/3,0.75
802,86,10BET,盘口1,0.98,2.5/3,0.87,0.90,2.5,0.95
803,86,10BET,盘口2,0.79,2.5,1.03,1.12,2.5/3,0.72
804,86,10BET,盘口3,1.33,3,0.61,0.63,2/2.5,1.28
805,86,10BET,盘口4,1.49,3,0.54,1.49,3,0.54
806,86,金宝博,盘口1,1.11,2.5/3,0.80,0.91,2.5,0.99
807,86,金宝博,盘口2,1.14,2.5/3,0.77,1.21,2.5/3,0.72
808,86,金宝博,盘口3,0.70,2/2.5,1.25,0.71,2/2.5,1.23
809,86,12bet,盘口1,1.00,2.5/3,0.90,0.90,2.5,1.00
810,86,12bet,盘口2,1.18,2.5/3,0.75,1.18,2.5/3,0.75
811,86,利记,盘口1,1.05,2.5/3,0.85,0.92,2.5,0.98
812,86,利记,盘口2,0.92,2.5,0.98,1.14,2.5/3,0.77
813,86,盈禾,盘口1,1.07,2.5/3,0.80,0.93,2.5,0.94
814,86,盈禾,盘口2,1.11,2.5/3,0.77,1.17,2.5/3,0.72
815,86,盈禾,盘口3,1.17,2.5/3,0.72,0.70,2/2.5,1.20
816,86,盈禾,盘口4,0.67,2/2.5,1.25,0.69,2/2.5,1.22
817,86,18Bet,盘口1,1.13,2.5/3,0.79,0.90,2.5,0.98
818,86,18Bet,盘口2,1.14,2.5/3,0.77,1.18,2.5/3,0.75
819,86,18Bet,盘口3,0.70,2/2.5,1.21,0.71,2/2.5,1.23
820,86,立博,盘口1,0.95,2.5,0.83,0.91,2.5,0.87
821,86,立博,盘口2,0.30,1.5,2.40,0.29,1.5,2.50
822,86,立博,盘口3,2.40,3.5,0.30,3.20,3.5,0.22
823,86,立博,盘口4,0.06,0.5,10.00,0.04,0.5,14.00
824,87,ManbetX,盘口1,1.01,2.5/3,0.89,1.01,2.5/3,0.89
825,87,ManbetX,盘口2,0.80,2.5,1.11,0.80,2.5,1.11
826,87,Crown,盘口1,1.00,2.5/3,0.86,1.00,2.5/3,0.86
827,87,Crown,盘口2,0.79,2.5,1.07,0.79,2.5,1.07
828,87,Bet365,盘口1,1.04,2.5/3,0.86,1.04,2.5/3,0.86
829,87,韦德,盘口1,1.02,2.5/3,0.89,1.00,2.5/3,0.90
830,87,韦德,盘口2,0.80,2.5,1.12,0.77,2.5,1.12
831,87,韦德,盘口3,1.35,3,0.65,1.30,3,0.65
832,87,明陞,盘口1,1.00,2.5/3,0.90,1.04,2.5/3,0.86
833,87,10BET,盘口1,0.98,2.5/3,0.87,1.01,2.5/3,0.85
834,87,10BET,盘口2,0.77,2.5,1.05,0.77,2.5,1.05
835,87,10BET,盘口3,1.30,3,0.62,1.30,3,0.62
836,87,10BET,盘口4,0.55,2/2.5,1.45,0.55,2/2.5,1.45
837,87,金宝博,盘口1,1.01,2.5/3,0.89,1.01,2.5/3,0.89
838,87,金宝博,盘口2,0.80,2.5,1.11,0.80,2.5,1.11
839,87,12bet,盘口1,1.00,2.5/3,0.90,1.04,2.5/3,0.86
840,87,利记,盘口1,1.01,2.5/3,0.89,1.06,2.5/3,0.84
841,87,盈禾,盘口1,1.01,2.5/3,0.86,1.01,2.5/3,0.86
842,87,盈禾,盘口2,0.80,2.5,1.07,0.80,2.5,1.07
843,87,18Bet,盘口1,1.00,2.5/3,0.90,1.03,2.5/3,0.85
844,87,18Bet,盘口2,0.80,2.5,1.08,0.80,2.5,1.11
845,87,立博,盘口1,0.75,2.5,1.05,0.75,2.5,1.05
846,87,立博,盘口2,0.25,1.5,2.90,0.25,1.5,3.00
847,87,立博,盘口3,1.90,3.5,0.40,1.88,3.5,0.40
848,87,立博,盘口4,0.05,0.5,12.00,0.05,0.5,12.00
849,88,ManbetX,盘口1,0.85,2.5,1.05,0.83,2.5,1.07
850,88,ManbetX,盘口2,1.08,2.5/3,0.82,1.08,2.5/3,0.82
851,88,Crown,盘口1,1.04,2.5/3,0.82,0.84,2.5,1.02
852,88,Crown,盘口2,1.05,2.5/3,0.81,1.05,2.5/3,0.81
853,88,Bet365,盘口1,1.05,2.5/3,0.85,1.05,2.5/3,0.85
854,88,韦德,盘口1,0.91,2.5,0.98,1.05,2.5/3,0.85
855,88,韦德,盘口2,1.15,2.5/3,0.77,0.80,2.5,1.08
856,88,韦德,盘口3,0.67,2/2.5,1.30,1.40,3,0.62
857,88,明陞,盘口1,1.05,2.5/3,0.85,1.05,2.5/3,0.85
858,88,10BET,盘口1,1.03,2.5/3,0.84,0.87,2.5,0.98
859,88,10BET,盘口2,1.03,2.5/3,0.80,1.03,2.5/3,0.80
860,88,10BET,盘口3,0.63,2/2.5,1.29,0.63,2/2.5,1.29
861,88,10BET,盘口4,1.48,3,0.54,1.48,3,0.54
862,88,金宝博,盘口1,1.05,2.5/3,0.85,0.83,2.5,1.07
863,88,金宝博,盘口2,1.08,2.5/3,0.82,1.08,2.5/3,0.82
864,88,12bet,盘口1,1.05,2.5/3,0.85,1.05,2.5/3,0.85
865,88,利记,盘口1,1.06,2.5/3,0.84,1.06,2.5/3,0.84
866,88,盈禾,盘口1,1.05,2.5/3,0.82,0.85,2.5,1.02
867,88,盈禾,盘口2,1.06,2.5/3,0.81,1.06,2.5/3,0.81
868,88,盈禾,盘口3,1.06,2.5/3,0.81,1.06,2.5/3,0.81
869,88,18Bet,盘口1,1.05,2.5/3,0.85,1.06,2.5/3,0.84
870,88,18Bet,盘口2,1.06,2.5/3,0.84,0.83,2.5,1.07
871,88,立博,盘口1,0.67,2.5,1.15,0.83,2.5,0.95
872,88,立博,盘口2,0.22,1.5,3.33,0.29,1.5,2.70
873,88,立博,盘口3,1.65,3.5,0.44,2.10,3.5,0.36
874,88,立博,盘口4,0.04,0.5,14.00,0.05,0.5,11.00
875,89,韦德,盘口1,0.91,2.5,0.98,0.91,2.5,0.98
876,89,韦德,盘口2,1.15,2.5/3,0.77,1.14,2.5/3,0.77
877,89,韦德,盘口3,0.67,2/2.5,1.30,0.67,2/2.5,1.30
878,89,立博,盘口1,0.87,2.5,0.91,0.83,2.5,0.95
879,89,立博,盘口2,0.29,1.5,2.60,0.29,1.5,2.70
880,89,立博,盘口3,2.20,3.5,0.33,2.10,3.5,0.36
881,89,立博,盘口4,0.06,0.5,10.00,0.06,0.5,11.00
882,90,韦德,盘口1,0.92,2/2.5,0.95,0.92,2/2.5,0.95
883,90,韦德,盘口2,1.20,2.5,0.75,1.20,2.5,0.73
884,90,韦德,盘口3,0.65,2,1.35,0.65,2,1.30
885,91,ManbetX,盘口1,0.98,2/2.5,0.92,0.96,2/2.5,0.94
886,91,ManbetX,盘口2,1.28,2.5,0.68,1.25,2.5,0.70
887,91,ManbetX,盘口3,0.69,2,1.26,0.68,2,1.28
888,91,ManbetX,盘口4,0.94,2.5,0.96,0.94,2.5,0.96
889,91,Crown,盘口1,0.92,2/2.5,0.94,0.95,2/2.5,0.91
890,91,Crown,盘口2,1.16,2.5,0.72,0.67,2,1.23
891,91,Crown,盘口3,1.21,2.5,0.68,1.19,2.5,0.70
892,91,Bet365,盘口1,1.18,2.5,0.74,0.96,2/2.5,0.94
893,91,韦德,盘口1,0.92,2/2.5,0.95,0.95,2/2.5,0.92
894,91,韦德,盘口2,1.20,2.5,0.75,1.20,2.5,0.73
895,91,韦德,盘口3,0.65,2,1.35,0.67,2,1.30
896,91,明陞,盘口1,1.05,2.5,0.85,0.95,2/2.5,0.95
897,91,明陞,盘口2,1.30,2.5,0.67,1.30,2.5,0.67
898,91,10BET,盘口1,1.03,2.5,0.84,0.94,2/2.5,0.91
899,91,10BET,盘口2,1.10,2.5,0.74,1.25,2.5,0.65
900,91,10BET,盘口3,0.60,2,1.34,0.60,2,1.34
901,91,10BET,盘口4,1.52,2.5/3,0.52,1.52,2.5/3,0.52
902,91,金宝博,盘口1,1.13,2.5,0.78,0.96,2/2.5,0.94
903,91,金宝博,盘口2,1.21,2.5,0.72,1.25,2.5,0.70
904,91,金宝博,盘口3,0.68,2,1.28,0.68,2,1.28
905,91,金宝博,盘口4,0.94,2.5,0.96,0.94,2.5,0.96
906,91,金宝博,盘口5,0.94,2.5,0.96,0.94,2.5,0.96
907,91,12bet,盘口1,1.05,2.5,0.85,0.95,2/2.5,0.95
908,91,12bet,盘口2,1.30,2.5,0.67,1.30,2.5,0.67
909,91,利记,盘口1,1.08,2.5,0.82,0.98,2/2.5,0.92
910,91,利记,盘口2,0.98,2/2.5,0.92,1.25,2.5,0.70
911,91,盈禾,盘口1,1.09,2.5,0.78,0.96,2/2.5,0.91
912,91,盈禾,盘口2,1.17,2.5,0.72,1.20,2.5,0.70
913,91,盈禾,盘口3,0.68,2,1.24,0.68,2,1.24
914,91,盈禾,盘口4,0.68,2,1.24,0.68,2,1.24
915,91,18Bet,盘口1,1.18,2.5,0.75,0.95,2/2.5,0.93
916,91,18Bet,盘口2,1.23,2.5,0.71,1.26,2.5,0.69
917,91,18Bet,盘口3,0.68,2,1.25,0.68,2,1.28
918,91,立博,盘口1,1.15,2.5,0.67,1.25,2.5,0.62
919,91,立博,盘口2,0.36,1.5,2.00,0.40,1.5,1.88
920,91,立博,盘口3,2.90,3.5,0.25,3.20,3.5,0.22
921,91,立博,盘口4,0.08,0.5,8.00,0.08,0.5,7.00
922,92,ManbetX,盘口1,1.11,2/2.5,0.80,1.11,2/2.5,0.80
923,92,ManbetX,盘口2,0.78,2,1.13,0.78,2,1.13
924,92,ManbetX,盘口3,1.38,2.5,0.62,1.38,2.5,0.62
925,92,Crown,盘口1,1.06,2/2.5,0.80,1.06,2/2.5,0.80
926,92,Crown,盘口2,0.77,2,1.09,1.33,2.5,0.61
927,92,Crown,盘口3,0.77,2,1.09,0.77,2,1.09
928,92,Bet365,盘口1,1.08,2/2.5,0.82,1.07,2/2.5,0.83
929,92,韦德,盘口1,0.80,2,1.10,1.10,2/2.5,0.80
930,92,韦德,盘口2,1.12,2/2.5,0.80,0.80,2,1.12
931,92,韦德,盘口3,0.60,1.5/2,1.45,0.60,1.5/2,1.45
932,92,明陞,盘口1,1.00,2/2.5,0.90,1.06,2/2.5,0.84
933,92,明陞,盘口2,0.75,2,1.18,0.75,2,1.18
934,92,10BET,盘口1,0.98,2/2.5,0.87,1.06,2/2.5,0.80
935,92,10BET,盘口2,0.70,2,1.15,0.74,2,1.09
936,92,10BET,盘口3,0.57,1.5/2,1.41,0.57,1.5/2,1.41
937,92,10BET,盘口4,1.43,2.5,0.56,1.42,2.5,0.56
938,92,金宝博,盘口1,1.07,2/2.5,0.83,1.11,2/2.5,0.80
939,92,金宝博,盘口2,0.78,2,1.13,0.78,2,1.13
940,92,金宝博,盘口3,1.42,2.5,0.60,1.38,2.5,0.62
941,92,12bet,盘口1,1.00,2/2.5,0.90,1.06,2/2.5,0.84
942,92,12bet,盘口2,0.75,2,1.18,0.75,2,1.18
943,92,利记,盘口1,1.05,2/2.5,0.85,1.05,2/2.5,0.85
944,92,利记,盘口2,0.78,2,1.13,0.78,2,1.13
945,92,盈禾,盘口1,1.04,2/2.5,0.83,1.07,2/2.5,0.80
946,92,盈禾,盘口2,0.78,2,1.10,0.78,2,1.10
947,92,盈禾,盘口3,1.38,2.5,0.59,1.35,2.5,0.61
948,92,盈禾,盘口4,1.35,2.5,0.61,1.35,2.5,0.61
949,92,18Bet,盘口1,1.06,2/2.5,0.85,1.07,2/2.5,0.83
950,92,18Bet,盘口2,0.78,2,1.11,0.77,2,1.15
951,92,18Bet,盘口3,1.38,2.5,0.60,1.38,2.5,0.62
952,92,立博,盘口1,1.15,2.5,0.67,1.35,2.5,0.57
953,92,立博,盘口2,0.36,1.5,2.00,0.44,1.5,1.70
954,92,立博,盘口3,2.90,3.5,0.25,3.50,3.5,0.20
955,92,立博,盘口4,0.08,0.5,8.00,0.09,0.5,6.50
956,93,ManbetX,盘口1,1.01,2/2.5,0.89,1.04,2/2.5,0.86
957,93,ManbetX,盘口2,0.71,2,1.23,0.71,2,1.23
958,93,Crown,盘口1,1.00,2/2.5,0.86,1.00,2/2.5,0.86
959,93,Crown,盘口2,0.70,2,1.19,0.70,2,1.19
960,93,Bet365,盘口1,1.01,2/2.5,0.89,1.02,2/2.5,0.88
961,93,韦德,盘口1,1.02,2/2.5,0.89,1.02,2/2.5,0.88
962,93,韦德,盘口2,0.73,2,1.22,0.73,2,1.20
963,93,韦德,盘口3,1.30,2.5,0.67,1.30,2.5,0.67
964,93,明陞,盘口1,1.00,2/2.5,0.90,1.00,2/2.5,0.90
965,93,10BET,盘口1,0.98,2/2.5,0.87,1.00,2/2.5,0.86
966,93,10BET,盘口2,0.71,2,1.13,0.71,2,1.13
967,93,10BET,盘口3,1.32,2.5,0.61,1.32,2.5,0.61
968,93,10BET,盘口4,0.52,1.5/2,1.52,0.52,1.5/2,1.52
969,93,金宝博,盘口1,1.01,2/2.5,0.89,1.04,2/2.5,0.86
970,93,金宝博,盘口2,0.71,2,1.23,0.71,2,1.23
971,93,12bet,盘口1,1.00,2/2.5,0.90,1.00,2/2.5,0.90
972,93,利记,盘口1,1.03,2/2.5,0.87,1.03,2/2.5,0.87
973,93,盈禾,盘口1,1.01,2/2.5,0.86,1.01,2/2.5,0.86
974,93,盈禾,盘口2,0.71,2,1.19,0.71,2,1.19
975,93,18Bet,盘口1,1.00,2/2.5,0.90,1.01,2/2.5,0.87
976,93,18Bet,盘口2,0.71,2,1.20,0.71,2,1.23
977,93,立博,盘口1,1.30,2.5,0.60,1.30,2.5,0.60
978,93,立博,盘口2,0.44,1.5,1.80,0.44,1.5,1.80
979,93,立博,盘口3,3.33,3.5,0.22,3.33,3.5,0.22
980,93,立博,盘口4,0.09,0.5,7.00,0.09,0.5,7.00
981,94,ManbetX,盘口1,0.97,2/2.5,0.93,0.95,2/2.5,0.95
982,94,ManbetX,盘口2,1.25,2.5,0.70,1.23,2.5,0.71
983,94,Crown,盘口1,0.96,2/2.5,0.90,0.94,2/2.5,0.92
984,94,Crown,盘口2,1.23,2.5,0.67,1.19,2.5,0.70
985,94,Bet365,盘口1,0.96,2/2.5,0.94,0.96,2/2.5,0.94
986,94,韦德,盘口1,0.95,2/2.5,0.91,0.95,2/2.5,0.92
987,94,韦德,盘口2,1.22,2.5,0.70,1.22,2.5,0.70
988,94,韦德,盘口3,0.67,2,1.30,0.67,2,1.28
989,94,明陞,盘口1,0.95,2/2.5,0.95,0.95,2/2.5,0.95
990,94,10BET,盘口1,0.92,2/2.5,0.92,0.95,2/2.5,0.90
991,94,10BET,盘口2,0.67,2,1.21,0.67,2,1.21
992,94,10BET,盘口3,1.26,2.5,0.64,1.26,2.5,0.64
993,94,10BET,盘口4,0.50,1.5/2,1.60,0.50,1.5/2,1.60
994,94,金宝博,盘口1,0.97,2/2.5,0.93,0.95,2/2.5,0.95
995,94,金宝博,盘口2,1.28,2.5,0.68,1.23,2.5,0.71
996,94,12bet,盘口1,0.95,2/2.5,0.95,0.95,2/2.5,0.95
997,94,利记,盘口1,0.97,2/2.5,0.93,0.97,2/2.5,0.93
998,94,盈禾,盘口1,0.97,2/2.5,0.90,0.95,2/2.5,0.92
999,94,盈禾,盘口2,1.25,2.5,0.67,1.20,2.5,0.70
1000,94,18Bet,盘口1,0.95,2/2.5,0.95,0.95,2/2.5,0.93
1001,94,18Bet,盘口2,1.25,2.5,0.68,1.23,2.5,0.71
1002,94,立博,盘口1,1.25,2.5,0.62,1.25,2.5,0.62
1003,94,立博,盘口2,0.40,1.5,1.90,0.40,1.5,1.90
1004,94,立博,盘口3,3.20,3.5,0.22,3.20,3.5,0.22
1005,94,立博,盘口4,0.08,0.5,7.50,0.05,0.5,11.00
1006,95,韦德,盘口1,1.06,2.5,0.85,0.83,2/2.5,1.08
1007,95,韦德,盘口2,0.80,2/2.5,1.10,1.08,2.5,0.80
1008,95,韦德,盘口3,1.35,2.5/3,0.65,0.58,2,1.50
1009,96,韦德,盘口1,0.91,2/2.5,0.98,0.91,2/2.5,0.98
1010,96,韦德,盘口2,1.18,2.5,0.75,1.15,2.5,0.75
1011,96,韦德,盘口3,0.62,2,1.40,0.62,2,1.38
